[
  {
    "id": "ff3eb89f-ba22-4839-80b6-f0bf86d2ba97",
    "data": [
      {
        "text": "What is your return policy?",
        "userDefined": false
      }
    ],
    "isTemplate": false,
    "count": 0,
    "lang": "en",
    "updated": 0
  },
  {
    "id": "6883854c-7bb1-49b1-98b9-5a47e13d44be",
    "data": [
      {
        "text": "Do you ship internationally?",
        "userDefined": false
      }
    ],
    "isTemplate": false,
    "count": 0,
    "lang": "en",
    "updated": 0
  },
  {
    "id": "7c82457a-4d70-4936-8804-80fe03f211e8",
    "data": [
      {
        "text": "What are your business hours?",
        "userDefined": false
      }
    ],
    "isTemplate": false,
    "count": 0,
    "lang": "en",
    "updated": 0
  }
]